Source_ID,Nombre del Producto o Servicio,Precio,Descripción,Beneficios,Categoría para Blog,Categoría Interna / Subcategoría,Etiqueta,Forma de pago,Link Video,Servicios Incluidos (Ejemplo base)
1,Tu Negocio 24/7 - Página Web,360,"La Página Web de Marca es un sitio diseñado específicamente para reflejar la esencia de tu marca, ofreciendo una experiencia visual y funcional única. Este servicio es perfecto para emprendedores y negocios que buscan diferenciarse en el entorno digital. Incluye:\n\nDiseño web PREMIUM: Enfocado en la experiencia de usuario (UX), asegurando una navegación intuitiva y agradable.\nHasta 5 secciones personalizadas: Inicio, Nosotros, Servicios, Galería/Portafolio, Contacto.\nIntegración de redes sociales: Con botones interactivos para facilitar la interacción con tus seguidores.\nGalería de imágenes: Optimizada para una carga rápida, mejorando la experiencia del usuario.\nBlog o sección de noticias: Para actualizaciones de contenido y mantener a tu audiencia informada.\nFormulario de contacto anti-SPAM: Para facilitar la comunicación y evitar correos no deseados.\nDiseño web 100% adaptable (responsive): Para móviles, tablets y desktops, asegurando una experiencia óptima en cualquier dispositivo.\nCertificado de seguridad SSL: Para proteger los datos de tus usuarios y garantizar una navegación segura.\nOptimización básica de SEO: Indexación en buscadores como Google, mejorando la visibilidad de tu sitio.\nIntegración con Google Analytics: Para monitorear el tráfico y el comportamiento de los visitantes, permitiendo tomar decisiones basadas en datos.\nDominio y hosting durante el primer año: www.tumarca.com.\nEsta solución te permitirá establecer una presencia profesional y destacar entre la competencia.","Beneficios:\nPresencia Profesional: Un diseño web premium que refleja la esencia de tu marca, ayudándote a establecer una presencia profesional en el entorno digital.\nExperiencia de Usuario Mejorada: Diseño enfocado en la experiencia de usuario (UX), asegurando una navegación intuitiva y agradable.\nPersonalización: Hasta 5 secciones personalizadas que se adaptan a las necesidades específicas de tu negocio.\nInteracción Social: Integración de redes sociales con botones interactivos, facilitando la interacción con tus seguidores.\nOptimización de Imágenes: Galería de imágenes optimizada para una carga rápida, mejorando la experiencia del usuario.\nActualizaciones de Contenido: Blog o sección de noticias para mantener a tu audiencia informada y atraer tráfico orgánico.\nComunicación Segura: Formulario de contacto anti-SPAM para facilitar la comunicación y evitar correos no deseados.\nAdaptabilidad: Diseño web 100% adaptable (responsive) para móviles, tablets y desktops, asegurando una experiencia óptima en cualquier dispositivo.\nSeguridad: Certificado de seguridad SSL para proteger los datos de tus usuarios y garantizar una navegación segura.\nVisibilidad en Buscadores: Optimización básica de SEO para mejorar la visibilidad de tu sitio en buscadores como Google.\nAnálisis de Tráfico: Integración con Google Analytics para monitorear el tráfico y el comportamiento de los visitantes, permitiendo tomar decisiones basadas en datos.\nDominio y Hosting Incluidos: Dominio y hosting durante el primer año, facilitando el lanzamiento de tu sitio web.\nEsta solución integral te permitirá diferenciarte en el entorno digital y establecer una presencia profesional que atraiga y retenga a tus clientes.",Posicionamiento y Diseño Web,El Donde,"web marca, página marca, sitio web marca, diseño web marca, presencia online, branding web, imagen de marca online",Pago único,https://www.youtube.com/watch?v=eZ0RdctKkh0,
2,Tu Empresa Online - Página web + Chatbot,499,"La Página Web de Empresa es ideal para negocios que necesitan una plataforma sólida, escalable y profesional que represente su actividad de manera integral. Este servicio incluye:\n\nDesarrollo Web PREMIUM: Con enfoque en diseño corporativo y experiencia de usuario (UX/UI).\nHasta 7 secciones estratégicas: Inicio, Nosotros, Servicios, Productos, Blog, FAQs, Contacto.\nSección de equipo o valores empresariales: Destacando la identidad y misión de tu negocio.\nFormulario de contacto avanzado anti-SPAM: Con campos personalizados para facilitar la comunicación.\nBlog o sección de noticias corporativas: Para dinamizar el contenido y mantener a tu audiencia informada.\nIntegración de herramientas empresariales: Google Maps, Google Analytics y CRM básico.\nOptimización avanzada para SEO básico: Indexación en buscadores y configuración inicial de palabras clave.\nCertificado SSL: Para garantizar la seguridad de los usuarios.\nDiseño web adaptable (responsive): Para todos los dispositivos.\nIntegración con redes sociales: Para interacción directa con tus clientes.\nBotón flotante de WhatsApp (opcional): Para consultas instantáneas.\nDominio y hosting durante el primer año: www.tuempresa.com.\nCon este sitio, tu empresa tendrá una plataforma moderna, funcional y lista para crecer junto con tus objetivos comerciales.","Plataforma Sólida y Profesional: Una plataforma robusta y escalable que representa tu actividad empresarial de manera integral.\nDiseño Corporativo y UX/UI: Desarrollo web PREMIUM enfocado en diseño corporativo y experiencia de usuario, asegurando una navegación intuitiva y agradable.\nSecciones Estratégicas: Hasta 7 secciones estratégicas que cubren todos los aspectos importantes de tu negocio.\nIdentidad y Misión: Sección de equipo o valores empresariales que destaca la identidad y misión de tu negocio.\nComunicación Segura: Formulario de contacto avanzado anti-SPAM con campos personalizados para facilitar la comunicación y evitar correos no deseados.\nContenido Dinámico: Blog o sección de noticias corporativas para mantener a tu audiencia informada y atraer tráfico orgánico.\nHerramientas Empresariales: Integración de herramientas empresariales como Google Maps, Google Analytics y CRM básico para mejorar la funcionalidad del sitio.\nOptimización SEO: Optimización avanzada para SEO básico, incluyendo indexación en buscadores y configuración inicial de palabras clave.\nSeguridad: Certificado SSL para garantizar la seguridad de los usuarios y una navegación segura.\nAdaptabilidad: Diseño web adaptable (responsive) para todos los dispositivos, asegurando una experiencia óptima en cualquier dispositivo.\nInteracción Social: Integración con redes sociales para interacción directa con tus clientes.\nConsultas Instantáneas: Botón flotante de WhatsApp (opcional) para consultas instantáneas.\nDominio y Hosting Incluidos: Dominio y hosting durante el primer año, facilitando el lanzamiento de tu sitio web.\nEsta solución integral te permitirá tener una plataforma moderna, funcional y lista para crecer junto con tus objetivos comerciales, mejorando la presencia y la eficiencia de tu negocio en el entorno digital.",Posicionamiento y Diseño Web,El Donde,"web empresa, página empresa, sitio web empresa, diseño web empresa, web corporativa, presencia online empresa, web profesional",Pago único,https://www.youtube.com/watch?v=VPmwINpJ_qo,
3,Tu Sucursal Online - Sitio web + Chatbot,950,"El E-commerce (hasta 40 productos) es una solución completa y profesional para emprendedores y empresas que buscan un sistema de ventas en línea moderno, seguro y optimizado. Este servicio incluye:\n\nDesarrollo Web PREMIUM: Basado en experiencia de usuario (UX).\nSitio web con hasta 7 secciones: Inicio, Tienda, Nosotros, Blog, Contacto, FAQs, Políticas.\nCapacidad multilingüe: (ES/ENG).\nIncorporación inicial de hasta 40 productos: Ampliable según necesidades.\nBuscador de productos en tiempo real.\nCarrito de compras: Con experiencia optimizada para el usuario.\nIntegración de botones de pago: Para tarjetas de crédito/débito y PayPal.\nCapacitación personalizada: Para la gestión de inventario y administración de la plataforma.\nDiseño web 100% adaptable (responsive): Para móviles, tablets y desktops.\nMapa interactivo de geolocalización.\nFormularios de contacto anti-SPAM: (protección avanzada).\nGalería de imágenes de alta calidad.\nIntegración completa con redes sociales y herramientas de analítica: (Google Analytics).\nBotón flotante de WhatsApp: Para comunicación directa (opcional).\nConfiguración del Pixel de Facebook: Para seguimiento de campañas publicitarias.\nCore de desarrollo optimizado para SEO básico: (indexación en buscadores).\nOptimización de rendimiento: Velocidad de carga, técnicas de caching, y reducción de tiempos de respuesta.\nMedidas avanzadas de seguridad: Protección anti-hacking, anti-spam y monitoreo.\nCertificado SSL: Para transacciones seguras.","Beneficios Adicionales:\nProductos Bien Organizados: Ofrece a tus clientes una tienda virtual con productos bien organizados y fácilmente navegables.\nExperiencia de Compra Fluida: Proporciona una experiencia de compra fluida y sin complicaciones, mejorando la satisfacción del cliente.\nAcceso Global: Atrae a clientes de todo el mundo con una plataforma multilingüe y adaptable a diferentes dispositivos.\nGestión Eficiente del Inventario: Facilita la gestión eficiente del inventario y la administración de la plataforma con capacitación personalizada.\nInteracción Directa con Clientes: Permite una comunicación directa y efectiva con tus clientes a través de WhatsApp y formularios de contacto.\nAnálisis y Mejora Continua: Utiliza herramientas de analítica para monitorear el rendimiento de tu tienda y realizar mejoras continuas.\nSeguridad y Confianza: Ofrece a tus clientes una experiencia de compra segura y confiable con medidas avanzadas de seguridad y certificado SSL.\nEstos beneficios adicionales aseguran que tu tienda en línea no solo sea funcional y atractiva, sino que también ofrezca una experiencia de usuario excepcional, facilitando el crecimiento y éxito de tu negocio.",Posicionamiento y Diseño Web,El Donde,"ecommerce, tienda online, tienda virtual, tienda web, venta online, comercio electrónico, tienda 40 productos, vender online",Pago único,https://www.youtube.com/watch?v=7q2l_6KsP6k,
4,Tu Contacto Profesional - Tarjeta Digital Profesional,10,"Página web minimalista diseñada como tarjeta digital para el primer contacto con clientes, prospectos y audiencia. Transmite una imagen profesional y brinda información clara y concreta, evitando sobrecargar al receptor. Incluye: Información de contacto básica, enlaces a redes sociales, botón de guardar contacto, formulario de contacto y dominio personalizado (ej: www.mitarjetadigital.me/NOMBRE).","Página web minimalista y profesional: Una solución rápida y efectiva para presentar tu marca de manera digital. Diseño intuitivo y adaptable a dispositivos móviles, con dominio personalizado incluido. Ideal para networking y presentación básica de tu negocio. No requiere mantenimiento complejo y ofrece una experiencia de usuario optimizada.",Posicionamiento y Diseño Web,El Donde,"tarjeta digital, tarjeta virtual, vcard digital, link personal, contacto digital, presentación digital, tarjeta digital marca",Pago mensual,https://www.youtube.com/watch?v=gsE4ztfG21M,Incluye dominio enloja.com
5,Tarjeta Digital,60,"La Tarjeta Digital Genérica es el primer contacto que tendrán tus clientes, prospectos y audiencia contigo o tu empresa. Diseñada para transmitir una imagen profesional y brindar información clara y concreta, evita sobrecargar al receptor para lograr un impacto inmediato. Este servicio incluye:\n\nInformación de contacto básica: Datos esenciales para que tus clientes puedan comunicarse contigo fácilmente.\nEnlaces a redes sociales: Facilita la conexión con tus perfiles en redes sociales.\nBotón de guardar contacto: Permite a tus clientes guardar tu información de contacto de manera rápida y sencilla.\nFormulario de contacto: Una forma directa para que tus clientes se comuniquen contigo.\nDominio personalizado: Un dominio único para tu tarjeta digital, como www.mitarjetadigital.me/NOMBRE.","Página web simple y funcional: Facilita el primer contacto con clientes y prospectos. Diseño profesional, adaptable a dispositivos móviles, y dominio personalizado incluido. Ideal para presentación básica de tu negocio o marca personal. No requiere mantenimiento complejo y ofrece una experiencia de usuario optimizada.",Posicionamiento y Diseño Web,El Donde,"tarjeta digital, tarjeta virtual, vcard digital, link personal, contacto digital, presentación digital, tarjeta digital contacto",Pago anual,https://www.youtube.com/watch?v=gsE4ztfG21M,
6,Estrategia Ganar Clientes - Planificación Estratégica de Marketing,1550,"Es una solución integral que avarca un estudio de palabras claves y estrategia de posicionamiento de artículos, un estudio de la competencia y una consultoría del negocio...¿Cansado de ver cómo tu negocio se queda atrás mientras la competencia avanza? En el entorno digital actual, no basta con tener una presencia online básica. Necesitas una estrategia clara, basada en datos, que te permita atraer clientes de calidad, aumentar tu visibilidad y superar a tu competencia. Nuestro Plan de Marketing Digital te proporciona la hoja de ruta completa para transformar tu presencia online y convertirte en la empresa de referencia en tu sector.\n\nComponentes:\n\nAnálisis Exhaustivo de Mercado y Competencia:\n\nInvestigación profunda de tu mercado objetivo, identificando tendencias, necesidades y oportunidades de crecimiento.\n\nAnálisis FODA de tu empresa, destacando fortalezas, debilidades, oportunidades y amenazas.\n\nAnálisis detallado de la presencia online de tus principales competidores, incluyendo palabras clave, estrategias de contenido y redes sociales.\n\nDefinición de tu Propuesta de Valor Única (USP):\n\nMetodología colaborativa para identificar los elementos que hacen única a tu empresa (entrevistas, análisis de la competencia, feedback de clientes).\n\nCreación de un mensaje claro y conciso que comunique tu USP a tu público objetivo.\n\nEstrategia de Posicionamiento Local (SEO):\n\nIdentificación de palabras clave relevantes para tu nicho y tu área geográfica (hasta 2000 palabras clave analizadas con herramientas profesionales).\n\nEstrategia de creación de contenido optimizado para SEO, incluyendo artículos, posts para redes sociales y videos (ideas concretas para temas a tratar).\n\nAnálisis de la intención de búsqueda de los usuarios para crear contenido que responda a sus preguntas y necesidades.\n\nPlan de Acción para Promoción y Publicidad (Redes Sociales y Contenido):\n\nEstrategia de marketing de contenidos personalizada para tu empresa, con calendario editorial y sugerencias de temas relevantes.\n\nOptimización de tus perfiles en redes sociales para atraer a tu público objetivo.\n\nGuía detallada para la creación de contenido atractivo y efectivo (tips de redacción persuasiva, formatos de contenido, etc.).\n\nAsesoramiento en la estructura del posteo con ""copy"" y contenido multimedia.\n\nConsultoría Personalizada (3 Sesiones):\n\nSesión 1: Entrevista inicial para comprender tus objetivos, tu público objetivo y tu situación actual.\n\nSesión 2: Revisión del borrador del plan y discusión de ajustes y mejoras.\n\nSesión 3: Presentación del plan final y resolución de dudas (presencial u online).\n\nPresupuesto y Sistema de Seguimiento:\n\nElaboración de un presupuesto de marketing realista y adaptado a tus necesidades (estimación de costos, no incluye inversión en pauta publicitaria).\n\nDefinición de métricas clave (KPIs) para medir el éxito de tus campañas y realizar un seguimiento continuo (ej. tráfico web, leads, conversiones).\n\nHerramientas y plantillas para monitorizar el progreso y analizar los resultados.\n\nSugerencias de Branding (Textos y Colores):\n\nAnálisis de tu identidad visual actual y sugerencias para mejorar la coherencia y el atractivo de tu marca.\n\nGuía de estilo con tipografías, paleta de colores y elementos visuales que reflejen tu USP. Se entrega un manual de estilo de branding.\n\nAnálisis de tono de la marca.\n\nGarantía de Satisfacción y Soporte Continuo:\n\nEstamos tan seguros de que nuestro Plan de Marketing Digital te ayudará a transformar tu negocio que te ofrecemos una sesión de seguimiento a los 3 meses para analizar tus resultados y reajustar la estrategia, si es necesario. Esta sesión es presencial o remota según se requiera. La retroalimentación se realiza a través de llamada en los horarios de la empresa. Queremos que tengas éxito y estamos comprometidos a ayudarte en cada paso del camino.","Beneficios:\r\n\r\nVisión Clara y Estratégica: Obtén una comprensión profunda de tu mercado, competencia y público objetivo para tomar decisiones informadas y estratégicas.\r\n\r\nVentaja Competitiva: Diferencia tu marca y destaca en el mercado con una propuesta de valor única y una estrategia de posicionamiento sólida.\r\n\r\nAtracción de Clientes Cualificados: Atrae el tipo de clientes que realmente necesitas, optimizando tu inversión y aumentando tus ventas.\r\n\r\nMaximización del ROI: Optimiza tus recursos y maximiza el retorno de la inversión con un presupuesto de marketing eficiente y un sistema de seguimiento preciso.\r\n\r\nImplementación Efectiva: Recibe un plan práctico y detallado, listo para ser implementado por tu equipo o por un community manager.\r\n\r\nConfianza en tus Decisiones: Toma el control de tu marketing digital y toma decisiones informadas y estratégicas, con el respaldo de datos precisos y un plan sólido.\r\n\r\nCrecimiento Sostenible: Impulsa el crecimiento de tu negocio a largo plazo, construyendo una base sólida y adaptable a los cambios del mercado.\r\n\r\nManual de Estilo de Branding: Definición de tu nuevo manual de estilo con los detalles técnicos más importantes para generar recordación de tu marca.",Análisis Estratégico y Estudios de Mercado,El porque,"plan marketing, estrategia marketing, plan digital marketing, consultoría marketing, plan estratégico, plan de negocio marketing",Pago único,https://www.youtube.com/shorts/vQNM7EWIYKo,
7,Plan para Salir en Google - Estudio de palabras clave + Estrategia de Posicionamiento + Levantamiento de Información,1300,"¿Te frustra ver que tu sitio web no aparece en los primeros resultados de Google? ¿Sientes que estás invirtiendo tiempo y esfuerzo en crear contenido que nadie encuentra? La clave para atraer tráfico cualificado y dominar tu nicho está en las palabras clave correctas. Nuestro Estudio de Palabras Clave te revela las ""palabras mágicas"" que utilizan tus clientes potenciales para encontrar negocios como el tuyo, atrayendo a las personas adecuadas a tu sitio web.\r\n\r\nCon este estudio, dejarás de adivinar y comenzarás a:\r\n\r\nConocer el Lenguaje de tus Clientes: Descubre las palabras y frases exactas que tus clientes potenciales utilizan en Google para buscar productos y servicios como los tuyos.\r\n\r\nSuperar a tu Competencia: Analiza las palabras clave que utilizan tus competidores y encuentra oportunidades para posicionarte por encima de ellos.\r\n\r\nCrear Contenido que Atrae: Aprende a utilizar las palabras clave de forma estratégica en tu sitio web y en tus publicaciones para atraer tanto a Google como a tus clientes.\r\n\r\nConstruir tu Autoridad Online: Posiciona tu sitio web como una referencia en tu sector, convirtiéndote en el experto al que todos recurren.\r\n\r\nDejar de Perder Clientes Potenciales: Atraer a las personas que ya están buscando lo que ofreces, aumentando tus oportunidades de venta.\r\n\r\nComponentes del Estudio:\r\n\r\nAnálisis Exhaustivo de Palabras Clave:\r\n\r\nIdentificación de las palabras clave más relevantes y de alto volumen de búsqueda en tu nicho específico (hasta 2000 palabras clave).\r\n\r\nUtilización de herramientas profesionales de investigación de palabras clave (como SEMrush) para obtener datos precisos y actualizados.\r\n\r\nAnálisis de la intención de búsqueda de los usuarios para comprender qué buscan realmente tus clientes potenciales.\r\n\r\nAnálisis de la Competencia (Específico):\r\n\r\nEvaluación de las palabras clave utilizadas por tus competidores para identificar oportunidades de mejora y estrategias efectivas.\r\n\r\nAnálisis de la brecha de palabras clave (keyword gap) para identificar términos que tus competidores están utilizando y que tú estás perdiendo.\r\n\r\nEntrega de Lista Organizada y Estratégica:\r\n\r\nPresentación de un archivo Excel con las palabras clave categorizadas y filtradas para su uso diario.\r\n\r\nClasificación de las palabras clave por relevancia, volumen de búsqueda y dificultad de posicionamiento.\r\n\r\nIdentificación de palabras clave principales (para páginas de destino) y secundarias (para contenido de blog y redes sociales).\r\n\r\nGuía para la Creación de Contenido Optimizado:\r\n\r\nRecomendaciones detalladas para optimizar los elementos on-page de tu sitio web (títulos, meta descripciones, encabezados y contenido).\r\n\r\nGuías para la creación de contenido de alta calidad y optimizado para SEO que atraiga y retenga a tu audiencia.\r\n\r\nEstructura recomendada para artículos de blog y páginas de destino.\r\n\r\nTécnicas de redacción persuasiva y copy SEO.\r\n\r\nEstrategia de Posicionamiento Personalizada:\r\n\r\n* Desarrollo de una estrategia de posicionamiento integral con las palabras clave principales de tu empresa mediante la creación de artículos clusters y pilares. Este plan incluirá la estructura completa de los artículos, la interconexión entre ellos y la optimización para motores de búsqueda.",Deja de Perder Clientes: Atrae a los clientes que te están buscando pero no te encuentran.\r\n\r\nAumenta tus Ventas y tus Ingresos: Más visibilidad significa más clientes y más ganancias para tu negocio.\r\n\r\nSupera a tu Competencia: Posiciónate por encima de tus rivales y domina tu mercado.\r\n\r\nObtén un Retorno Real de tu Inversión: Asegura que tu inversión en marketing digital genere resultados concretos.\r\n\r\nSimplifica tu Estrategia de Marketing: Te damos las herramientas para que atraigas clientes de forma más efectiva.\r\n\r\nImplementación de Estrategias: El manual servirá como guía para la implementación de estrategias de marketing recomendadas.\r\n\r\nSeguimiento continuo: Recomendaremos métodos para monitorear el desempeño de las palabras clave y las estrategias implementadas\r\n\r\nInformes de Rendimiento: Proporcionaremos plantillas para informes periódicos que detallen el rendimiento de las palabras clave y el progreso hacia los objetivos de posicionamiento,Análisis Estratégico y Estudios de Mercado,El porque,"estudio keywords, keywords research, palabras clave SEO, investigación palabras clave, keywords para SEO, palabras clave para negocio",Pago único,https://www.youtube.com/shorts/qApjhAxNUv8,
8,Análisis de la Competencia - Levantamiento de información,600,"¿Te preocupa que tus competidores te estén robando clientes online? ¿Sientes que estás perdiendo oportunidades por no saber qué están haciendo los demás? En el mundo digital, no basta con tener una buena idea. Necesitas saber qué están haciendo tus competidores y cómo superarlos. Nuestro Estudio de la Competencia te da la visión clara que necesitas para dominar el juego online y dejar a tus competidores en el retrovisor.\r\n\r\nImagina poder:\r\n\r\nAnticiparte a sus Movimientos: Descubrir qué estrategias están funcionando para tus competidores y qué nuevas tácticas están probando.\r\n\r\nIdentificar sus Puntos Débiles: Encontrar las áreas donde tus competidores están fallando y aprovecharlas para atraer a sus clientes.\r\n\r\nCrear una Estrategia Imbatible: Desarrollar una estrategia de marketing digital que te permita superar a tus competidores y captar la atención de tu público objetivo.\r\n\r\nDejar de Sentirte Perdido: Tener la confianza de que estás tomando las decisiones correctas para hacer crecer tu negocio online.\r\n\r\nNuestro análisis se enfoca en el mundo digital, donde analizaremos:\r\n\r\nRadiografía del Mercado Digital:\r\n\r\nIdentificaremos las tendencias online que están marcando tu sector y las nuevas oportunidades que están surgiendo.\r\n\r\nSegmentaremos a tu público objetivo para que puedas crear campañas de marketing online que les hablen directamente a ellos.\r\n\r\nEspionaje Estratégico de tus Competidores:\r\n\r\nRevelaremos quiénes son tus competidores más importantes en el mundo digital (no solo los que conoces).\r\n\r\nAnalizaremos sus sitios web, redes sociales, campañas de publicidad online, estrategias de contenido y mucho más.\r\n\r\nAnalizaremos el SEO local.\r\n\r\nBenchmarking Digital a Fondo:\r\n\r\nCompararemos tu presencia online con la de tus competidores para identificar dónde te estás quedando atrás y dónde puedes destacar.\r\n\r\nRecomendaciones Claras y Accionables:\r\n\r\nTe daremos un plan de acción con pasos específicos para que puedas diferenciarte de la competencia y atraer más clientes online.\r\n\r\nTe mostraremos cómo puedes mejorar tu sitio web, tus redes sociales, tu contenido y tus campañas de publicidad online para superar a tus competidores.","Deja de Sentirte Inseguro: Toma decisiones de marketing online con confianza, sabiendo que estás basado en datos sólidos sobre tu competencia.\r\n\r\nDescubre Oportunidades Ocultas: Encuentra nichos de mercado sin explotar, palabras clave valiosas y nuevas formas de conectar con tus clientes online.\r\n\r\nDesarrolla Estrategias Imbatibles: Crea campañas de marketing online que te permitan superar a tus competidores y conseguir más clientes.\r\n\r\nAhorra Tiempo y Dinero: Evita cometer errores costosos al seguir estrategias probadas y optimizadas para tu sector.\r\n\r\nDomina el Mercado Digital: Conviértete en el líder online de tu sector, atrayendo a más clientes y aumentando tus ventas.",Análisis Estratégico y Estudios de Mercado,El porque,"análisis competencia, estudio competidores, benchmarking, espionaje competencia, análisis rivales, conocer competencia",Pago único,,
9,Consultoria Empresarial - Mentoria para iniciar un proyecto,250,"¿Te sientes estancado y sin rumbo claro en tu negocio? ¿Tienes una gran idea, pero no sabes cómo llevarla a la realidad? ¿Te preocupa que tus esfuerzos no estén dando los resultados que esperabas? La clave para despegar tu negocio y alcanzar tus sueños está en tener una dirección clara y una estrategia sólida. Nuestra Consultoría Empresarial te ayuda a definir el rumbo de tu negocio, a crear una visión inspiradora y a construir una base sólida para un futuro próspero.\r\n\r\nCon nuestra consultoría, dejarás de sentirte perdido y comenzarás a:\r\n\r\nEncontrar tu Propósito: Aclarar la misión y los valores de tu negocio, conectando con lo que realmente te apasiona y te impulsa.\r\n\r\nCrear un Futuro Inspirador: Definir una visión clara y ambiciosa para tu negocio, motivando a tu equipo y atrayendo a tus clientes ideales.\r\n\r\nDiferenciarte de la Competencia: Desarrollar una Propuesta de Valor Única (PVU) que te permita destacar en el mercado y atraer a los clientes que realmente valoran lo que ofreces.\r\n\r\nTomar Decisiones con Confianza: Tener una base sólida para tomar decisiones estratégicas y dirigir tu negocio con seguridad y propósito.\r\n\r\nAlcanzar tus Metas: Trazar una hoja de ruta clara y efectiva para lograr tus objetivos de crecimiento y rentabilidad.\r\n\r\nNuestro servicio incluye:\r\n\r\nSesión de Descubrimiento:\r\n\r\nAnálisis profundo de tu negocio, incluyendo tus fortalezas, debilidades, oportunidades y amenazas (Análisis FODA).\r\n\r\nEvaluación de tu mercado objetivo y de tu competencia.\r\n\r\nIdentificación de tus valores y de lo que te apasiona de tu negocio.\r\n\r\nDefinición de Misión y Visión:\r\n\r\nCreación de una declaración de misión clara y concisa que refleje el propósito de tu negocio.\r\n\r\nDesarrollo de una visión inspiradora que describa el futuro que deseas crear para tu negocio.\r\n\r\nDesarrollo de tu Propuesta de Valor Única (PVU):\r\n\r\nIdentificación de los elementos que hacen única a tu marca y que la diferencian de la competencia.\r\n\r\nCreación de un mensaje claro y persuasivo que comunique tu PVU a tus clientes potenciales.\r\n\r\nPresupuesto y Retorno de la Inversión (ROI):\r\n\r\nSe presenta un análisis detallado con estrategias de marketing digital y como tomar las acciones de manera eficaz.\r\n\r\nEstrategia de Marketing Digital:\r\n\r\nSe realiza un estudio profundo de las acciones de marketing digital que debe tener la empresa en la actualidad.","Con nuestra consultoría, podrás:\r\n\r\nDefinir el Rumbo de tu Negocio: Obtén claridad y enfoque para tomar decisiones con seguridad y propósito.\r\n\r\nInspirar a tu Equipo y Crear una Cultura Sólida: Motiva a tus empleados y construye una base sólida para el éxito a largo plazo.\r\n\r\nDestacar en el Mercado y Atraer a Más Clientes: Diferencia tu marca y conquista a tu público objetivo.\r\n\r\nConstruir un Negocio Sostenible y Rentable: Crece de manera sólida y constante, asegurando tu futuro financiero.\r\n\r\nAlinear tus Acciones con tus Objetivos: Maximiza tu potencial y alcanza el éxito que mereces.\r\n\r\nEn esta versión, he movido los beneficios al principio, presentándolos como una transformación que el cliente puede lograr. ¿Te parece que funciona mejor así?",Análisis Estratégico y Estudios de Mercado,El porque,"consultoria negocio, asesoria empresa, consultoria pymes, asesoria emprendedores, consultoria estratégica, asesoria empresarial online",Pago único,https://www.youtube.com/watch?v=vMS5YqpV0Qo,
10,Auditoría SEO y rediseño de un sitio web (No incluye estudio de palabras claves),650,"¿Sientes que tu sitio web no está dando los resultados que esperabas? ¿Te preocupa que tus clientes potenciales no te encuentren en Google? ¿Tu web se ve anticuada y poco atractiva? La clave para transformar tu sitio web en una máquina de atracción de clientes está en una Auditoría SEO exhaustiva y un diseño estratégico.\n\nNuestro servicio te proporciona una evaluación completa de tu sitio web, revelando los problemas que están frenando su rendimiento y ofreciéndote un plan de acción claro para mejorar su visibilidad, usabilidad y atractivo.\n\n¿Qué Descubrirás y Lograrás?\n\nPor Qué tu Web No Aparece en Google: Identificaremos los problemas técnicos y de contenido que están impidiendo que tu sitio web se posicione en los primeros resultados de búsqueda.\n\nQué Hacen tus Competidores para Atraer Clientes: Analizaremos las estrategias SEO de tus principales competidores para identificar oportunidades de mejora y diferenciación.\n\nCómo Crear una Experiencia de Usuario Irresistible: Mejoraremos la estructura, la navegación y el diseño visual de tu sitio web para que sea fácil de usar, atractivo y memorable.\n\nQué Contenido Atraerá a tus Clientes Ideales: Crearemos un plan para la creación y optimización de contenido relevante, útil y atractivo para tu audiencia objetivo.\n\nComponentes del Servicio:\n\nAuditoría SEO Profunda:\n\nAnálisis Técnico: Evaluación de la velocidad de carga, la optimización para dispositivos móviles, la estructura de URLs, y la presencia de errores técnicos (enlaces rotos, códigos de estado incorrectos, etc.).\n\nAnálisis de Contenido: Revisión de la calidad y relevancia del contenido existente, la optimización de palabras clave, la estructura de encabezados y la densidad de palabras clave.\n\nAnálisis de Backlinks: Evaluación de la calidad y cantidad de enlaces entrantes (backlinks) que apuntan a tu sitio web.\n\nAnálisis de la Competencia: Comparación del rendimiento SEO de tu sitio web con el de tus principales competidores.\n\nRediseño Estratégico del Sitio Web:\n\nEstructura y Navegación: Recomendaciones para mejorar la estructura y navegación del sitio web, asegurando que sea intuitiva y fácil de usar.\n\nDiseño Visual: Sugerencias de mejoras en el diseño visual del sitio web para que sea atractivo y coherente con la identidad de la marca.\n\nOptimización de la Experiencia del Usuario (UX): Propuesta de mejoras en la experiencia del usuario, incluyendo la facilidad de uso, la accesibilidad y la satisfacción del usuario.\n\nContenido Optimizado: Plan para la creación y optimización de contenido que sea relevante, útil y atractivo para tu audiencia objetivo.\n\nPlan de Implementación Detallado:\n\nHoja de ruta con acciones específicas, responsables y plazos para la implementación de las recomendaciones de la auditoría SEO y el rediseño del sitio web.\n\nGuías y plantillas para la optimización de contenido, la estructura de URLs, y la creación de enlaces internos y externos.\n\nMonitoreo y Evaluación:\n\nSeguimiento del desempeño del sitio web tras la implementación de las recomendaciones.\n\nInformes periódicos que detallen el rendimiento del sitio web y el progreso hacia los objetivos de SEO y usabilidad.","Mayor Visibilidad en Google: Atrae más tráfico orgánico y llega a tus clientes potenciales cuando te están buscando.\r\n\r\nAtracción de Clientes de Calidad: Aumenta el número de visitantes que se convierten en clientes.\r\n\r\nExperiencia de Usuario Irresistible: Ofrece a tus visitantes una experiencia de navegación fluida, intuitiva y agradable.\r\n\r\nImagen Profesional y Moderna: Transmite confianza y credibilidad a tus clientes potenciales con un diseño web atractivo y actualizado.\r\n\r\nRetorno de Inversión (ROI) Optimizado: Aprovecha al máximo tu inversión en marketing digital, generando resultados medibles y sostenibles.",Posicionamiento y Diseño Web,El porque,"auditoria SEO web, rediseño web SEO, mejorar SEO web, optimizar web SEO, auditoria sitio web, rediseño página web SEO",Pago único,https://www.youtube.com/watch?v=vMS5YqpV0Qo,
11,Ahorra tiempo y dinero automatizando procesos,350,"¿Te sientes abrumado por tareas repetitivas que consumen tu tiempo y energía? ¿Te frustra ver que los errores humanos están afectando la calidad de tu trabajo? ¿Sueñas con un negocio más eficiente, productivo y rentable? La clave para liberarte de la carga operativa y desatar el potencial de tu negocio está en la Automatización Inteligente.\r\n\r\nNuestro servicio te proporciona las herramientas y la guía que necesitas para implementar flujos de trabajo automatizados que optimicen tus operaciones diarias, permitiéndote enfocarte en lo que realmente importa: hacer crecer tu negocio.\r\n\r\n¿Qué Lograrás con la Automatización?\r\n\r\nLiberar tu Tiempo: Dedica más tiempo a tareas estratégicas que generen valor para tu negocio, delegando las tareas repetitivas a la automatización.\r\n\r\nEliminar Errores Costosos: Reduce los errores humanos y mejora la precisión en la ejecución de tareas, evitando pérdidas económicas y problemas con tus clientes.\r\n\r\nMultiplicar tu Productividad: Optimiza tus procesos empresariales y aumenta la eficiencia de tu equipo, logrando más con menos recursos.\r\n\r\nOfrecer un Servicio Impecable: Asegura que las tareas se realicen de manera consistente y estandarizada, mejorando la calidad de tu servicio y la satisfacción de tus clientes.\r\n\r\nComponentes del Servicio:\r\n\r\nAnálisis de Procesos:\r\n\r\nIdentificación de los procesos de tu negocio que son susceptibles de automatización.\r\n\r\nEvaluación de las necesidades específicas de tu empresa.\r\n\r\nDiseño y Configuración de Flujos de Trabajo:\r\n\r\nCreación de flujos de trabajo automatizados adaptados a las necesidades específicas de tu negocio.\r\n\r\nConfiguración de las herramientas y plataformas necesarias.\r\n\r\nApertura de Cuentas y Conexiones:\r\n\r\nConfiguración inicial y la apertura de cuentas necesarias para la implementación de la automatización.\r\n\r\nAsegurar la conexión entre las diversas herramientas automatizadas\r\n\r\nPruebas y Validación:\r\n\r\nRealización de pruebas exhaustivas para asegurar que las automatizaciones funcionen correctamente antes de su implementación.\r\n\r\nCapacitación Personalizada:\r\n\r\nProporcionamos una capacitación para que tu equipo comprenda cómo funcionan las automatizaciones y pueda gestionarlas de manera efectiva.\r\n\r\nEntregamos un plan para que lo implemente una persona con pocos conocimientos","Más Tiempo para Crecer: Libérate de tareas repetitivas y concéntrate en hacer crecer tu negocio.\r\n\r\nMenos Errores, Más Ganancias: Reduce los errores humanos y mejora la precisión, evitando pérdidas económicas.\r\n\r\nProductividad Disparada: Optimiza tus procesos y aumenta la eficiencia de tu equipo.\r\n\r\nCalidad Impecable: Ofrece un servicio consistente y estandarizado que supere las expectativas de tus clientes.\r\n\r\nNegocio Escalable: Prepara tu negocio para crecer sin límites, automatizando tareas y procesos.",Automatizaciones para reducir costos,El Como,"automatizar tareas, automatización negocio, procesos automatizados, optimizar procesos, reducir costos automatización, eficiencia automatización",Pago único,https://www.youtube.com/watch?v=p14Y_kd185Q,
12,Automatización adicional,100,"La Automatización Adicional de Procesos Empresariales es un servicio que complementa la automatización inicial, permitiendo la implementación de nuevos flujos de trabajo automatizados según las necesidades cambiantes de tu negocio. Este servicio te permite continuar optimizando tus operaciones, mejorando la eficiencia y ahorrando tiempo y recursos.. Costo del Servicio:\nEl costo de cada Automatización Adicional de Procesos Empresariales es de $100 dólares. Este precio incluye todos los componentes mencionados anteriormente.\n\nEste servicio de Automatización Adicional de Procesos Empresariales proporcionará a tu empresa las herramientas y la guía necesarias para continuar optimizando tus operaciones, mejorar la eficiencia y escalar tu negocio de manera efectiva.","Beneficios:\nAhorro de Tiempo: Automatiza tareas adicionales repetitivas y rutinarias, permitiendo a tu equipo enfocarse en actividades de mayor valor.\nReducción de Errores: Minimiza los errores humanos y mejora la precisión en la ejecución de tareas.\nEficiencia Operativa: Optimiza los procesos empresariales, mejorando la productividad y la eficiencia general.\nConsistencia: Asegura que las tareas se realicen de manera consistente y estandarizada, mejorando la calidad del servicio.\nComponentes Incluidos:\nConfiguración de Nuevos Flujos de Trabajo: Diseño y configuración de nuevos flujos de trabajo automatizados adaptados a las necesidades específicas de tu negocio.\nPruebas y Validación: Realización de pruebas exhaustivas para asegurar que las nuevas automatizaciones funcionen correctamente antes de su implementación.\nOptimización Continua: Revisión y optimización de las automatizaciones existentes para asegurar su eficiencia y efectividad continuas.\nSoporte y Mantenimiento: Proporcionamos soporte continuo y mantenimiento de las automatizaciones para asegurar que funcionen sin problemas.",Automatizaciones para reducir costos,El Como,"automatización extra, automatizar más, optimizar costos, reducir gastos, automatización complementaria, flujos de trabajo automatizados",Pago único,https://www.youtube.com/watch?v=VPmwINpJ_qo,
13,Asistente 24/7,500,"Descripción del Servicio (Precio de inicio $500 dólares, dependerade las funcionalidades específicas del cliente el precio final): Asistente Online\nDescripción del Servicio:\n\nEl servicio de Asistente Online es una solución integral que proporciona asistencia personalizada y automatizada para mejorar la interacción con tus clientes y optimizar tus procesos empresariales. Este asistente está diseñado para responder preguntas frecuentes, proporcionar información relevante y guiar a los usuarios a través de diversas tareas, mejorando la eficiencia y la experiencia del cliente.\n\n","Beneficios:\n\nMejora en la Experiencia del Cliente: Proporciona respuestas rápidas y precisas a las consultas de los clientes, mejorando su satisfacción y lealtad.\nAhorro de Tiempo: Automatiza tareas repetitivas y rutinarias, permitiendo a tu equipo enfocarse en actividades de mayor valor.\nDisponibilidad 24/7: Ofrece asistencia continua, incluso fuera del horario de oficina, asegurando que los clientes siempre reciban la ayuda que necesitan.\nConsistencia en la Información: Asegura que la información proporcionada sea consistente y estandarizada, mejorando la calidad del servicio.\nEscalabilidad: Facilita el crecimiento de tu negocio al permitir la rápida implementación de nuevas funcionalidades según sea necesario.\nComponentes Incluidos:\n\nConfiguración Inicial: Incluye la configuración y personalización del asistente online según las necesidades específicas de tu negocio.\nIntegración con Sistemas Existentes: Asegura la integración fluida del asistente con tus sistemas y plataformas actuales, como sitios web, aplicaciones móviles y CRM.\nDesarrollo de Flujos de Conversación: Diseño y configuración de flujos de conversación automatizados que guíen a los usuarios a través de diversas tareas y consultas.\nPruebas y Validación: Realización de pruebas exhaustivas para asegurar que el asistente funcione correctamente antes de su implementación.\nCapacitación: Proporcionamos una breve capacitación para que tu equipo comprenda cómo funciona el asistente y pueda gestionarlo de manera efectiva.",Automatizaciones para reducir costos,El Como,"asistente virtual, chatbot negocio, asistente web, atención cliente automatizada, asistente online pymes, chatbot para web",Pago único,https://www.youtube.com/shorts/roAyrA3HktM,
14,App para tu Negocio,500,"El precio inicial de una aplicación es de $500, dependiendo de su complejidad, horas de programación y compromiso como desarrolladores se fijara el precio definitivo. Desarrollo de una aplicación para escritorio y movil, con tareas específicas para el cliente, inclyen protocolos de seguridad",Minimizar ciertos procesos del trabajo diario,Automatizaciones para reducir costos,El Como,"aplicaciones web, software negocio, apps para empresas, aplicaciones a medida, software personalizado, herramientas automatización",Pago único,,
15,Consulta Médica para tu Negocio,50,"¿Te sientes atascado y necesitas una guía para tomar decisiones importantes en tu negocio? ¿Te enfrentas a desafíos específicos y buscas soluciones prácticas y personalizadas? ¿Anhelas tener claridad, dirección y un plan de acción para alcanzar tus metas? Nuestras Asesorías Personalizadas son la brújula que necesitas para navegar con confianza hacia el éxito.\r\n\r\nA través de nuestras sesiones de consultoría, obtendrás la claridad, la estrategia y el apoyo necesarios para superar tus obstáculos, optimizar tus procesos y tomar decisiones informadas que impulsen el crecimiento de tu negocio.\r\n\r\nComponentes del Servicio:\r\n\r\nSesión de Consultoría Estratégica:\r\n\r\nUna sesión de [Duración: ej. 60, 90] minutos de consultoría personalizada, que puede realizarse de manera presencial o virtual según tu preferencia.\r\n\r\nEspacio dedicado a explorar tus desafíos, metas y oportunidades.\r\n\r\nAnálisis Previo Personalizado:\r\n\r\nRevisión previa de la información relevante sobre tu negocio para asegurar que la asesoría esté bien fundamentada y adaptada a tus necesidades.\r\n\r\n[Menciona cualquier material o información que el cliente deba proporcionar antes de la sesión.]\r\n\r\nRecomendaciones Específicas y Accionables:\r\n\r\nProporcionamos recomendaciones prácticas y específicas basadas en el análisis y la discusión durante la sesión.\r\n\r\nIdentificación de los pasos a seguir para implementar las soluciones.\r\n\r\nSeguimiento Estratégico: Consulta online sin costo\r\n\r\nOfrecemos un breve seguimiento posterior a la sesión para aclarar cualquier duda adicional y asegurar la correcta implementación de las recomendaciones a través de una consulta online sin costo.\r\n\r\n[Especifica el método de seguimiento: email, llamada telefónica, etc.]","Con nuestras Asesorías Personalizadas, podrás:\r\n\r\nObtener Claridad y Enfoque: Elimina la confusión y define una dirección clara para tu negocio.\r\n\r\nRecibir Soluciones Personalizadas: Obtén recomendaciones y estrategias adaptadas específicamente a tus necesidades y objetivos.\r\n\r\nTomar Decisiones con Confianza: Basar tus decisiones en información precisa y análisis detallados.\r\n\r\nOptimizar tus Procesos y Aumentar tu Eficiencia: Identifica áreas de mejora y recibe sugerencias prácticas para optimizar tus operaciones.\r\n\r\nResolver tus Dudas y Superar tus Inquietudes: Aclara cualquier duda o inquietud relacionada con tu negocio, obteniendo respuestas claras y prácticas de expertos.",Análisis Estratégico y Estudios de Mercado,El porque,"asesoria negocio, consultoria online, asesoria pymes, consultoria personalizada, guía para negocio, consejo empresarial",Págo único,,
16,Plantillas para Páginas Web,50,"(REQUIERE CONOCIMIENTO EN WORDPRESS) ¿Necesitas una web para tu negocio? Descarga e instala un ZAP y consigue un diseño profesional en minutos, sin dolores de cabeza y sin conocimientos previos. Cada ZAP incluye un vídeo explicativo paso a paso de cómo debes hacerlo. Usa el soporte para dudas incluido si necesitas ayuda.\n\nCaracterísticas:\nFácil Instalación: Descarga e instala tu ZAP en minutos sin necesidad de conocimientos técnicos.\nDiseño Profesional: Obtén un diseño profesional y atractivo para tu página web sin complicaciones.\nVídeo Explicativo: Cada ZAP incluye un vídeo explicativo paso a paso para guiarte en el proceso de instalación.\nSoporte Incluido: Accede a soporte para resolver cualquier duda que puedas tener durante la instalación.\nOpciones Disponibles:\nTodos\nVarios (31)\nTiendas Online (16)\nAcademias (10)\nInmobiliarias (6)\nHoteles (3)\nNegocios de Alimentos o Bebidas (1)","Beneficios:\nAhorro de Tiempo: Instala tu página web en minutos, REQUIERE CONOCIMIENTOS DE WORDPRESS.\nDiseño Profesional: Consigue un diseño atractivo y profesional para tu negocio.\nFacilidad de Uso: No necesitas ser un experto en tecnología para instalar y configurar tu ZAP.\nApoyo Continuo: Cuenta con soporte incluido para resolver cualquier duda o problema.",Posicionamiento y Diseño Web,El Como,"plantillas web wordpress, templates wordpress, diseño web predefinido, plantillas para negocios, templates web profesionales",Págo único,https://www.youtube.com/shorts/kea2Z2bNyIw,
17,Instalación de Plantillas para páginas web,150,"(REQUIERE CONOCIMIENTO EN WORDPRESS)¿Necesitas ayuda para instalar tu ZAP? Ofrecemos un servicio de instalación de plantillas para páginas web, asegurando que tu sitio esté listo y funcionando en poco tiempo. Nuestro equipo se encargará de todo el proceso, desde la descarga hasta la configuración final, para que puedas enfocarte en lo que realmente importa: tu negocio.\n\nCaracterísticas:\nInstalación Completa: Dejaremos tu sitio online con todos los aspectos técnicos listos y te explicaremos como continues con su personalización.\nConfiguración Personalizada: Integración de redes sociales y botón de WhatsApp de tu negocio.\nRápida Implementación: Tu sitio web estará listo y funcionando en poco tiempo. La personalización de productos, subir imagenes, modificaciones de textos son responsabilidad del usuario.","Beneficios:\nSin Preocupaciones: Deja la instalación de la plantilla en manos de expertos y enfócate en tu personalizar las imagenes, los textos, productos de tu negocio.\nResultados Profesionales: Obtén un sitio web profesional y atractivo sin complicaciones.\nAhorro de Tiempo: Evita el estrés y el tiempo de aprender a instalar la plantilla por ti mismo.\nCon estos dos productos, podrás ofrecer a tus clientes una solución completa para crear y mantener sus páginas web de manera fácil y eficiente.(REQUIERE CONOCIMIENTO EN WORDPRESS)",Análisis Estratégico y Estudios de Mercado,El Como,"instalar plantilla wordpress, configurar plantilla web, ayuda wordpress, instalación templates wordpress, servicio instalación web",Pago único,,
18,Auditoria web Automatizada,30,"(REQUIERE CONOCIMIENTO EN WORDPRESS)¿Necesitas ayuda para instalar tu ZAP? Ofrecemos un servicio de instalación de plantillas para páginas web, asegurando que tu sitio esté listo y funcionando en poco tiempo. Nuestro equipo se encargará de todo el proceso, desde la descarga hasta la configuración final, para que puedas enfocarte en lo que realmente importa: tu negocio.\n\nCaracterísticas:\nInstalación Completa: Dejaremos tu sitio online con todos los aspectos técnicos listos y te explicaremos como continues con su personalización.\nConfiguración Personalizada: Integración de redes sociales y botón de WhatsApp de tu negocio.\nRápida Implementación: Tu sitio web estará listo y funcionando en poco tiempo. La personalización de productos, subir imagenes, modificaciones de textos son responsabilidad del usuario.","Beneficios:\nSin Preocupaciones: Deja la instalación de la plantilla en manos de expertos y enfócate en tu personalizar las imagenes, los textos, productos de tu negocio.\nResultados Profesionales: Obtén un sitio web profesional y atractivo sin complicaciones.\nAhorro de Tiempo: Evita el estrés y el tiempo de aprender a instalar la plantilla por ti mismo.\nCon estos dos productos, podrás ofrecer a tus clientes una solución completa para crear y mantener sus páginas web de manera fácil y eficiente.(REQUIERE CONOCIMIENTO EN WORDPRESS)",Posicionamiento y Diseño Web,El Porque,"analisis, seo, informe, auditoría, posicionamiento, sitio, web, visibilidad, no aparece en internet, visión en internet",Pago único,,
19,"Páginas web ""GO 2025"" - Tu primera página web",150,"PÁGINA WEB “GO 2025”\nPágina web estática\no Precio: $150\no Forma de pago: Pago único\no Descripción: La Página Web “GO 2025” es ideal para negocios y profesionales que necesitan una plataforma sólida, escalable y profesional que represente su actividad de manera integral. Este servicio incluye:\n Desarrollo Web CÓDIGO: Diseño intuitive, enfocado en la experiencia de usuario (UX/UI).\n Dominio y hosting durante el primer año: www.tuempresa.com.\n Cabecera fija con logo y dos botones WhatsApp y Compartir\n 3 secciones: Portada, servicios o productos y contactos.\n Coinfiguración de la palabra clave principal y 3 relacionadas..\no \n","Beneficios: Básicamente ofrece la posibilidad de posicionar tu sitio web que tiene tu dominio propio es decir el nombre de tu empresa o tu nombre vinculado con palabras claves, es báscamente mejor que la tarjeta digital\n Plataforma sólida y profesional.\n Comunicación rápida mediante WhatsApp.\n Aumento de la visibilidad online con la optimización para SEO básica.\n Seguridad con certificado SSL para la protección de datos del usuario.\no Más información: Ver Video 👇 Página Web de Empresa",Posicionamiento y Diseño Web,El Donde,"página web básica, web simple, sitio web económico, página web estática, web go, página web rápida",Pago único,https://www.youtube.com/shorts/kea2Z2bNyIw,
20,Socio para Crecer - Posicionamiento Web,250,"Este no es un servicio, es una sociedad estratégica. En lugar de un gran desembolso inicial por desarrollo y estudios, proponemos una alianza a largo plazo. OBJETIVO asume la inversión inicial completa en el desarrollo de su ecosistema digital (valorado en hasta $X,XXX USD) a cambio de un compromiso de gestión mensual. Nos convertimos en su equipo de marketing digital dedicado y exclusivo en su sector.\n\nEste modelo está diseñado para alinear nuestros objetivos con los suyos: si ustedes crecen, nosotros crecemos. Nos encargamos de todo el ecosistema digital para que usted pueda enfocarse en dirigir su negocio.","Inversión Inicial Cero en Desarrollo: Eliminamos la barrera de entrada económica. El desarrollo del sitio web y/o el estudio de mercado corre por nuestra cuenta como parte de la alianza.\n• Equipo Dedicado y Exclusivo: Garantizamos por contrato que no trabajaremos con su competencia directa en la zona, asegurando que todos nuestros esfuerzos se centren en su éxito.\n• Crecimiento Sostenible y Medible: Nos enfocamos en una estrategia de largo plazo con informes mensuales de métricas clave (tráfico, leads, posicionamiento) para demostrar el retorno de la inversión.\n• Flujo de Caja Predecible: Para usted, el costo es una mensualidad fija y predecible, lo que facilita la planificación financiera sin sorpresas.\n• Solución Integral 'Llave en Mano': Incluye el desarrollo inicial, la estrategia, la creación de contenido (artículos de blog), la gestión de redes sociales y el mantenimiento técnico. Todo en un solo paquete.",Posicionamiento y Diseño Web,El Como,"alianza digital, socio marketing, iguala mensual, crecimiento garantizado, marketing integral, partner digital, exclusividad de sector",Pago Mensual,,"• Desarrollo de Sitio Web Profesional (Ecommerce o Empresa).\n• Estudio Estratégico de Mercado y Competencia.\n• Gestión mensual de SEO y Redes Sociales (ej: 10 artículos, 20 publicaciones).\n• Mantenimiento técnico y optimización continua del sitio.\n• Informes mensuales de rendimiento."
21,El Antes de Endeudarte - Estudio de Factibilidad,3500,"Escucharemos tu idea de negocio y la someteremos a distintos estudios para comprobar si realmente es o no viable iniciarla. Este estudio te servira para presentarlo en una entidad financiera para poder buscar financiamiento. Los estudios entregables son Estudio de mercado, competencia, palabras claves, analisis financiero, fundamentos de la empresa (objetivos, metas, misión, visión, propuesta de valor.","La mejor inversión si quieres entrar a un negocio con los números claros, con las proyecciones financieras que se convierten en tus metas, con las reglas claras de la competenci a la cuál se debe vencer y que tus desiciones no serán al azar, serán basadas en un estudio completo de mercado.",Análisis Estratégico y Estudios de Mercado,El porque,"factibilidad, estudio de implementación, estudios de mercado, análisis de la competencia, estudio de palabras claves, estrategia de posicionamiento",Pago único,,
22,Procesos Lentos y Caros - Reingeniería de Procesos,1500,"Si no solo sientes que tienes procesos lentos, también te lo dicen tus empleados y mas personas, nuestra empresa será tu aliado en este proceso, compartiendo el tiempo con tus trabajadores, mapearemos cada paso que ellos hacen y determinaremos banderas rojas donde una automatización, un software a medida, una app de pago, etc. Impulsen un mejor rendimiento, la reducción de costos y mejores utilidades.","La reingeniería de procesos esta enfocada en optimizar los tiempos en los que normalmente se ejecutan ciertos procesos, optimizarlos para reducir costos y obtener ahorros puntuales en el presupuesto administrativo y operativo en la empresa,  sin duda es ingresar al mundo actual con una pequeña inversión",Análisis Estratégico y Estudios de Mercado,El porque,"inteligencia artificial, inteligencia artificial para procesos, automatización, reingeniería, rediseño de procesos",Pago único,,